title,price,rating,reviews,brand,ram,storage,processor,windows,screen_size,color
"ASUS Vivobook S14,Smartchoice,AMD Ryzen AI 7 350,16GB RAM,1TB SSD,OLED,14"",Windows 11, Office24,M365 Basic (1Yr)*, Matte Gray,1.4Kg, M3407KA-SF049WS,50 Tops,Metallic Design,Next-Gen AI Laptop,Copilot+",83990.0,3.8,,ASUS,16GB,1TB SSD,,Windows 11,14,Gray
"HP OmniBook 5 OLED (Previously Pavilion), Snapdragon X Processor (16GB LPDDR5x, 512GB SSD) 2K, 14''/35.6cm, Win11, M365 Basic(1yr)* Office24, Silver, 1.35kg, he0014QU, Light-Weight, Next-Gen AI Laptop",66990.0,4.1,,HP,,512GB SSD,,Windows 11,14,Silver
"BrowseBook 14.1"" FHD IPS Laptop | Best Student & Office Work Laptop | Celeron N4020 | 4GB RAM | 128GB SSD | Windows 11 | 38Wh | 1.3kg | Grey",12990.0,3.0,,BrowseBook,4GB,128GB SSD,,Windows 11,14.1,Grey
"EBook 11.6"" HD Laptop | Best Student & Office Work Laptop | Celeron N4020 | 4GB DDR4 | 128GB eMMC + M.2 SSD Expandable Slot | Win 11 Home |31Wh Battery | UHD Graphics 600 | Black",10990.0,5.0,,EBook,,,,Windows 11,11.6,Black
"HP 15, 13th Gen Intel Core i3-1315U (12GB DDR4, 512GB SSD) FHD, Anti-Glare, Micro-Edge, 15.6''/39.6cm, Win11, M365 Basic(1yr)* Office24, Silver, 1.59kg, fd0573TU, FHD Camera w/Shutter Laptop",41990.0,4.1,,HP,,512GB SSD,i3,Windows 11,15.6,Silver
"JioBook 11 with Lifetime Office | Android 4G Laptop Mediatek 8788 (JioOS) | Octa-core | 4GB RAM | 64 eMMC Storage | Thin and Light Laptop (11.6 inch, 990 Grams) | Dual Band WiFi + SIM | Blue",10990.0,2.9,,JioBook,4GB,,,,11.6,Blue
"HP 15, AMD Ryzen 3 7320U (8GB DDR4, 512GB SSD) FHD, Anti-Glare, Micro-Edge, 15.6''/39.6cm, Win11, M365 Basic(1yr)* Office24, Silver, 1.59kg, fc0500AU, FHD Camera w/Privacy Shutter Laptop",36990.0,4.0,,HP,,512GB SSD,Ryzen 3,Windows 11,15.6,Silver
"ASUS Vivobook Go 14, AMD Ryzen 3 7320U, 8GB RAM, 512GB SSD, FHD 14"", Windows 11, Office Home 2024, Mixed Black, 1.38 kg, E1404FA-NK3325WS, AMD Radeon iGPU, M365 Basic (1Year)*, Thin & Light Laptop",34790.0,4.1,,ASUS,8GB,512GB SSD,Ryzen 3,Windows 11,14,Black
"HP 15 Consumer Series Laptop, Intel Core i3-1315U (13th Gen) 12GB DDR4 RAM,512GB NVMe SSD/ 15.6'' FHD Anti-Glare, Micro-Edge, Win11, M365 Basic(1yr)* Office24, Silver,1.59kg, FHD Camera with Shutter",41990.0,4.1,,HP,,,i3,Windows 11,15.6,Silver
"Lenovo V15 Intel Core i3 13th Gen (16GB RAM/512GB SSD/Windows 11 Home/Office 2024/Iron Grey) 15.6"" FHD (1920x1080) Antiglare 250 Nits Thin & Light Laptop/1Y Onsite/1.65 kg, 83CCA08KIN",44990.0,3.9,,Lenovo,16GB,512GB SSD,i3,Windows 11,15.6,Grey
"Dell 15, Intel Core i5 13th Gen-1334U, 16GB DDR4, 512GB SSD, FHD, 15.6""/39.62cm, Windows 11, MSO 2024, Grey, 1.66kg, [Vostro 3530], 120Hz 250 nits, 15 Month McAfee, Thin & Light, Laptop",56990.0,3.7,,Dell,,512GB SSD,i5,Windows 11,15.6,Grey
"Dell 15, Intel Core 3 14th Gen-100U, 16GB DDR4, 512GB SSD, FHD IPS, 15.6""/39.62cm, Win 11, Office H&S 2024, Carbon Black, 1.63Kg, [Dell 15], Intel UHD Graphics, 120Hz 250 nit, Thin & Light, Laptop",44326.0,3.9,,Dell,,512GB SSD,,Windows 11,15.6,Black
"Lenovo {SmartChoice)Chromebook Intel Celeron N4500 (4GB RAM/64GB eMMC 5.1/11.6 Inch (29.46cm)/HD Display/2Wx2 Stereo Speakers/HD Camera/Chrome OS/Blue/1.21Kg), 82UY0014HA",15990.0,3.9,,Lenovo,4GB,,,,11.6,Blue
"Lenovo IdeaPad Slim 3, 12th Gen Intel Core i5-12450H (16GB LPDDR5, 512GB SSD), Anti-glare, FHD 15.6""(39.6cm), Win 11, Office Home 2024, Arctic Grey, 1.62Kg, 83ER00MDIN, Thin & Light, Backlit KB Laptop",51328.0,4.2,,Lenovo,,512GB SSD,i5,Windows 11,15.6,Grey
"acer Aspire 3, Intel Core Celeron N4500, 12GB LPDDR4X RAM, 512GB SSD, HD, 15.6""/39.62cm, Windows 11 Home, Pure Silver, 1.5KG, A325-45, Thin and Light Laptop",31999.0,3.4,,acer,,512GB SSD,,Windows 11,15.6,Silver
"HP 14s Intel Celeron Dual Core N4500 Laptop (8GB/512GB SSD/Win 11) 14.0"" HD Display, MSO 24, Black, 1.46kg, DQ3149TU Thin and Light Business Laptop",28550.0,3.4,,HP,,512GB SSD,,Windows 11,14.0,Black
"Dell 15, Intel Core i5 13th Gen-1334U, 16GB RAM, 1TB SSD, FHD, 15.6""/39.62cm, Windows 11, MSO 2024, Silver, 1.62kg, [Dell 15], Backlit Keyboard, 15 Month McAfee, Thin & Light, Laptop",57926.0,3.7,,Dell,16GB,1TB SSD,i5,Windows 11,15.6,Silver
"ASUS Vivobook 15, Smartchoice, AMD Ryzen 7 5825U, 16GB RAM, 512GB SSD, FHD 15.6"", Windows 11, Office Home 2024, Quiet Blue, 1.7Kg, M1502YA-BQ703WS, AMD Radeon iGPU, M365 Basic (1Year)*, 42Whr Laptop",48990.0,4.3,,ASUS,16GB,512GB SSD,Ryzen 7,Windows 11,15.6,Blue
"ASUS Vivobook 15 (2025), 13th Gen,Intel Core i3-1315U, 8GB RAM, 512GB SSD, FHD, 15.6"", 39.6 cm, Windows 11 Home,M365 Basic(1 Year)* Office 2024,Cool Silver,1.7 Kg, X1504VA-D5321WS, Thin & Light Laptop",37877.0,5.0,,ASUS,8GB,512GB SSD,i3,Windows 11,15.6,Silver
"ASUS Vivobook 16X, 16"" FHD+ (1920 x 1200), Intel Core i5-13420H, (16GB RAM/512GB SSD/RTX 3050/Windows 11/M365 Basic (1Year)*/Office Home 2024/Cool Silver/1.80 kg), K3605VC-RP413WS",61590.0,3.6,,ASUS,16GB,512GB SSD,i5,Windows 11,16,Silver
"acer Aspire Lite, Intel Core 5 210H Processor, 16 GB RAM, 512 GB SSD, Full HD IPS, 15.6""/39.62 cm, Windows 11 Home, MSO, Pure Silver, 1.70 kgs, AL15-52H, Backlit Keyboard, Thin and Light Laptop",54999.0,4.0,,acer,16GB,512 GB SSD,,Windows 11,15.6,Silver
"MSI Thin 15, Intel 13th Gen. Core i5-13420H, 40CM FHD 144Hz Gaming Laptop(16GB/512GB NVMe SSD/Windows 11 Home/NVIDIA GeForce RTX 3050,GDDR6 4GB/Cosmos Gray/1.86Kg), B13UC-1805IN",60625.0,4.2,,MSI,,,i5,Windows 11,,Gray
"acer Aspire Go 14,14th Gen, Intel Core Ultra 5 125H, 16GB DDR5, 512GB, WUXGA IPS, 14.0""/35.56cm, Win 11, MS Office, Steel Gray, 1.5 kg, AG14-71M, Backlit KB, AI Powered Laptop",54427.0,3.6,,acer,,,,Windows 11,14.0,Gray
"Dell 15, Intel Core i3 13th Gen -1305U, 16GB DDR4, 512GB SSD, FHD, 15.6""/39.6cm, Windows 11, Office H&S 2024, Carbon Grey, 1.66Kg, [Vostro 3530], Intel UHD Graphics, Narrow Border, Thin & Light Laptop",42990.0,3.9,,Dell,,512GB SSD,i3,Windows 11,15.6,Grey
"ASUS Vivobook 14, Intel Core i3 13th Gen 1315U, 8GB RAM, 512GB SSD, FHD 14"", Windows 11, Office Home 2024, Cool Silver, 1.40kg, X1404VA-NK761WS, Intel UHD, M365 Basic (1Year)*, Backlit Keyboard Laptop",36790.0,3.9,,ASUS,8GB,512GB SSD,i3,Windows 11,14,Silver
"ASUS Vivobook 15, Intel Core i3 13th Gen 1315U, 16GB RAM, 512GB SSD, FHD 15.6"", Touchscreen, Win11, Office Home 2024, M365 Basic (1Year)*, Quiet Blue, 1.7Kg, X1504VA-E83959WS, Intel UHD iGPU, Laptop",44990.0,4.2,,ASUS,16GB,512GB SSD,i3,Windows 11,15.6,Blue
"acer Nitro V 15, AMD Ryzen 7-7445HS, NVIDIA GeForce RTX 4050-6 GB, 16GB DDR5, 512GB SSD, FHD IPS, 15.6""/39.62cm, 165Hz, Win 11 Home, Obsidian Black, 2.1KG, ANV15-42, Gaming Laptop",76990.0,3.8,,acer,,512GB SSD,Ryzen 7,Windows 11,15.6,Black
"ASUS Vivobook 15, 13th Gen, Intel Core i3-1315U, 8 GB RAM, 512GB SSD, FHD, Anti-Glare, 15.6"", 39.6 cm, Windows 11 Home, M365 Basic(1yr)* Office24, Cool Silver, 1.70 kg, X1504VA-BQ321WS, Laptop",36990.0,4.2,,ASUS,8GB,512GB SSD,i3,Windows 11,15.6,Silver
"ASUS Vivobook 15, Smartchoice,Intel Corei5 13thGen 13420H, 16GB RAM, 512GB SSD, FHD 15.6"", Win11, Office Home'24, M365 Basic (1Year)*, Cool Silver, 1.70kg, X1502VA-BQ835WS, Intel UHD iGPU, Laptop",58990.0,4.2,,ASUS,16GB,512GB SSD,i5,Windows 11,15.6,Silver
"Walker Best Student & Office Work Laptop|Thin & Light|15.6"" 1920 * 1080 Resolution FHD IPS Display |8GB RAM,256 GB SSD|Intel Celeron Processor N4020 | Windows 11 Home |Silver",16990.0,2.9,,Walker,8GB,256 GB SSD,,Windows 11,15.6,Silver
Thomson NEO 14.1 Inch IN-P14C Intel Celeron Dual Core N4020 Processor & Window 11 Home Notebook (4 GB RAM DDR4/ 128 GB SSD/Numeric Touch Pad/Thin & Light Weight/Silver),12990.0,3.0,,Thomson,4GB,128 GB SSD,,,14.1,Silver
Thomson NEO 14.1 Inch IN-P14C Intel Celeron Dual Core N4020 Processor & Window 11 Notebook (8 GB RAM DDR4/ 256 GB SSD/Numeric Touch Pad/1MP Webcam/Silver),14990.0,3.0,,Thomson,8GB,256 GB SSD,,,14.1,Silver
Thomson NEO 14.1 Inch IN-N14C Intel Celeron Dual Core N4020 Processor Windows 11 Home Notebook (8 GB RAM DDR4/ 256 GB SSD/Thin & Light Weight/Silver/Non Stop Performance Beyond 15 Hrs),17990.0,4.0,,Thomson,8GB,256 GB SSD,,Windows 11,14.1,Silver
"Lenovo Smartchoice Ideapad Slim 3, 13th Gen Intel Core i7 13620H, 16GB RAM, 512GB SSD, WUXGA IPS, 15.3""/38.8cm, Win 11, Office 2024, Top Metal Cover Grey, 1.6Kg, 83K100CJIN/S1IN, Backlit KB, Laptop",75990.0,4.1,,Lenovo,16GB,512GB SSD,i7,Windows 11,15.3,Grey
"ASUS TUF A16 (2025), AMD Ryzen 7 7445HS, Gaming Laptop (RTX 4050-6GB/140W TGP/16GB RAM/1TB SSD/FHD+/16""/144Hz/56Whrs/Windows 11/M365 Basic (1Year)*/Office Home 2024/Mecha Gray/2.2Kg) FA607NUG-RL189WS",89990.0,4.2,,ASUS,16GB,1TB SSD,Ryzen 7,Windows 11,16,Gray
"ASUS Gaming V16 (2025) 14th Gen,Intel Core 7 240H Gaming Laptop (RTX 4050-6GB/16GB RAM/512GB SSD/Windows 11 Home/16/144Hz/M365*/Office Home 2024, Matte Black,1.95 Kg),V3607VU-RP275WS",92990.0,4.2,,ASUS,16GB,512GB SSD,,Windows 11,,Black
"Dell SmartChoice G15-5530, Intel Core i5 13th Gen-13450HX, NVIDIA RTX 3050-6GB, 16GB RAM, 1TB SSD, FHD, 15.6""/39.62cm, 120Hz, Windows 11, MS Office 24, Dark Shadow Grey, 2.65Kg, Gaming Laptop",77787.0,4.0,,Dell,16GB,1TB SSD,i5,Windows 11,15.6,Grey
"HP OmniBook 7 OLED, Intel Core Ultra 5 255H (16GB LPDDR5,1TB SSD), 3K, 0.2 ms, Micro-Edge, 14''/35.6cm, Win 11, M365, Office 24, Meteor Silver,1.5kg, fr0789TU, 5MP Camera w/Shutter, Backlit AI Laptop",86490.0,3.7,,HP,,1TB SSD,,Windows 11,14,Silver
"HP Smartchoice Omen AMD Ryzen 7 7840Hs, 8GB RTX 4060 (16GB DDR5, 1TB SSD) FHD, 165Hz, 300Nits, IPS, 16.1''/40.9cm, Win11, Office 21, Black, 2.32kg, Xd0020ax, RGB kb, Tempest Cooling, AI Gaming Laptop",126420.0,4.0,,HP,,1TB SSD,Ryzen 7,Windows 11,16.1,Black
ULTIMUS APEX Laptop Intel Pentium Quad Core 8 GB DDR3 512 GB SSD Expandable~1TB 14.1 HD IPS Laptop Anti-Glare Ultra Thin Bezel 180° Hinge 3.0x3 USB HDMI SD Card Slot Win 11 Home 1.25KG Silver,18990.0,3.4,,ULTIMUS,,512 GB SSD,,Windows 11,,Silver
"ASUS TUF A15 (2025), AMD Ryzen 7 7445HS, Gaming Laptop(RTX 3050,75W TGP,16GB DDR5(Upgradeable Upto 64GB )512GB SSD,FHD,15.6"",144Hz,RGB Keyboard,48Whrs,Windows 11,Graphite Black,2.3 Kg) FA506NCG-HN199W",66990.0,4.2,,ASUS,,512GB SSD,Ryzen 7,Windows 11,15.6,Black
"HP Chromebook X360 Intel Celeron N4020 14 inch(35.6 cm) Micro-Edge, Touchscreen, 2-in-1 Laptop (4GB RAM/64GB eMMC/Chrome OS/Intel UHD Graphics,1.49Kg), 14a-ca0506TU",24999.0,3.9,,HP,4GB,,,,14,
"MSI Raider 18, Intel Series 2 Core Ultra 9 285HX, 46cm UHD+ 120Hz Gaming Laptop (64GB/4TB NVMe SSD/Windows 11 Home/NVIDIA GeForce RTX 5090, GDDR7 24GB/Core Black/3.6Kg) A2XWJG-253IN",499990.0,3.0,,MSI,,,,Windows 11,,Black
"HP Pavilion x360, 13th Gen Intel Core i5-1335U (16GB DDR4, 1TB SSD) FHD, 14''/35.6 cm, Touchscreen 2-in-1, Win 11, Office 21, Silver, 1.51 kg, ek1010TU/1149tu, FPR, 5MP Camera, B&O, Backlit Laptop",77490.0,3.9,,HP,,1TB SSD,i5,Windows 11,14,Silver
"HP Omen, AMD Ryzen 9 8940HX, 8GB RTX 5060, 24GB DDR5(Upgradeable) 1TB SSD, 165Hz, 2k WUXGA, 3ms, 400 nits, 16''/40.6cm, Win11, M365* Office24, Black, 2.44kg, ap0181AX, Omen AI, RGB, AI Gaming Laptop",155490.0,4.2,,HP,,1TB SSD,Ryzen 9,Windows 11,16,Black
Microsoft New Surface Laptop (7th Edition) - Windows 11 Home Copilot + PC - 13.8” LCD PixelSense Touchscreen - Qualcomm Snapdragon X Plus (10 Core) - 16GB RAM - 256GB SSD - Platinum - ZGJ-00023,108990.0,4.6,,Microsoft,16GB,256GB SSD,,Windows 11,,
"Lenovo Yoga Slim 7, Intel Core Ultra 5 125H, 16GB RAM, 512GB SSD, AI PC, WUXGA-OLED, 14""/35.5cm, Windows 11, Microsoft 365 Basic + Office 2024, Grey, 1.39Kg, 83CV00DFIN, AI Powered Laptop",84990.0,4.3,,Lenovo,16GB,512GB SSD,,Windows 11,14,Grey
"HP Victus, AMD Ryzen 7 7445HS, 4GB RTX 2050, 16GB DDR5(Upgradable) 512GB SSD, FHD, 144Hz, 300 nits, IPS, 15.6''/39.6cm, Win11, M365* Office24, Mica Silver, 2.29kg, fb3123AX, Backlit, Gaming Laptop",62990.0,4.3,,HP,,512GB SSD,Ryzen 7,Windows 11,15.6,Silver
"DELL 14 (2026) Intel Core 3 14th Gen 100U - (16 GB DDR5/512 GB SSD/Intel UHD Graphics/Windows 11 Home) Thin and Light Business Laptop/14.0"" FHD+ IPS Display/Ice Blue/1.4 kg/MSO 2021",46390.0,5.0,,DELL,,512 GB SSD,,Windows 11,14.0,Blue
"HP 15, 13th Gen Intel Core i7-1355U (16GB DDR4, 512GB SSD) FHD, Anti-Glare, 15.6’’/39.6cm, Win11, M365(1yr)* Office 24, Silver, 1.59kg, Iris Xe, FHD Camera w/Shutter, Backlit Laptop fd0468tu/fd0515tu",67990.0,4.0,,HP,,512GB SSD,i7,Windows 11,,Silver
"ASUS Vivobook Go 14, AMD Ryzen 5 7520U, 8GB RAM, 512GB SSD, FHD 14""(1920 x 1080), Windows 11, Office Home 2024, M365 Basic (1Year)*, Black, 1.38kg, E1404FA-EB2522WS, AMD Radeon iGPU Laptop",37577.0,5.0,,ASUS,8GB,512GB SSD,Ryzen 5,Windows 11,14,Black
"MSI Crosshair 16 HX, Intel 14th Gen. i7-14700HX, 41CM QHD+ 240Hz Gaming Laptop (32GB/1TB NVMe SSD/Windows 11 Home/MSO 2021/NVIDIA GeForce RTX 4070, GDDR6 8GB/Cosmos Gray/2.5Kg) D14VGKG-668IN",169900.0,3.8,,MSI,,,i7,Windows 11,,Gray
Microsoft New Surface Pro (11th Edition) - Windows 11 Home Copilot + PC - 13” OLED PixelSense Touchscreen - Qualcomm Snapdragon X Elite (12 Core) - 32GB RAM - 1TB SSD - Platinum - ZID-00014,243990.0,2.9,,Microsoft,32GB,1TB SSD,,Windows 11,,
New Microsoft Surface Laptop (7th Edition) - Windows 11 Home Copilot + PC - 13.8” LCD PixelSense Touchscreen - Qualcomm Snapdragon X Plus (10 Core) - 16GB RAM - 512GB SSD - Graphite - ZGM-00059,129990.0,5.0,,New,16GB,512GB SSD,,Windows 11,,
"Lenovo IdeaPad Slim 1 AMD Ryzen 5 5500U 15.6"" HD Thin and Light Laptop (8GB/512GB SSD/Windows 11 Home/Office Home 2024/1 Year ADP Free/Grey/1.6Kg), 82R4011MIN",38490.0,4.0,,Lenovo,,512GB SSD,Ryzen 5,Windows 11,15.6,Grey
"Samsung Galaxy Book 4 15.6"" Full HD | Intel Core i5 1335U | 16GB RAM | 512GB SSD | Win 11 Home | MS Office'2024 | Fingerprint Reader | Intel Iris XE Graphics | Backlit Keyboard |NP750XGJ-LS6IN |Silver",55400.0,4.9,,Samsung,16GB,512GB SSD,i5,Windows 11,15.6,Silver
"HP Victus, 14th Gen Intel Core i5-14450HX, 6GB RTX 3050, 24GB DDR5, 512GB SSD, FHD, 144Hz, IPS, 300 nits, 15.6''/39.6cm, Win11, M365* Office24, Mica Silver, 2.3kg, fa2303tx, RGB Gaming Laptop",80490.0,3.9,,HP,,512GB SSD,i5,Windows 11,15.6,Silver
"MSI Katana A15 AI, Ryzen 7 8845HS, Built-in AI, 40CM FHD 144Hz Gaming Laptop(16GB/512GB NVMe SSD/Windows 11 Home/NVIDIA GeForce RTX 4050, GDDR6 6GB/Black/2.25Kg), B8VE-418IN",99990.0,3.8,,MSI,,,Ryzen 7,Windows 11,,Black
"ASUS Gaming V16 (2025), 14th Gen,Intel Core 7 240H Gaming Laptop(RTX 5050-8GB/16GB RAM/512GB SSD/FHD+/16""/144Hz/Backlit Keyboard/Windows 11/M365*/Office Home 2024/Matte Black/1.95 Kg) V3607VH-RP038WS",99990.0,5.0,,ASUS,16GB,512GB SSD,,Windows 11,16,Black
"ASUS Vivobook S16,14th Gen, Intel Core 5-210H,Metallic Design Laptop(Intel UHD iGPU/16GB RAM/512GB SSD/FHD+/16""/144Hz/Windows 11/M365 Basic(1Year)*/Office Home 2024/Silver/1.7Kg) S3607VA-RP114WS",67990.0,4.3,,ASUS,16GB,512GB SSD,,Windows 11,16,Silver
"ASUS Vivobook Go 14, AMD Ryzen 5 7520U, 16GB RAM,512GB SSD,FHD,14,60Hz,42WHrs,Windows 11,M365 Basic (1Year)*,Office Home 2024,Mixed Black,Backlit KB,1.38 kg E1404FA-NK5542WS, Thin & Light Laptop",42990.0,4.5,,ASUS,16GB,512GB SSD,Ryzen 5,Windows 11,,Black
"HP Smartchoice Victus, 13th Gen Intel Core i7-13620H, 8GB RTX 5050, 24GB DDR5(Upgradeable) 1TB SSD, 144Hz, FHD, 15.6''/39.6cm, Win11, M365* Office24, Mica Silver, 2.29kg, fa2309TX, RGB Gaming Laptop",109990.0,4.0,,HP,,1TB SSD,i7,Windows 11,15.6,Silver
"Lenovo IdeaPad 5 2-in-1 AMD Ryzen AI 7 350 (24GB RAM/1TB SSD/14 (35.5cm)/WUXGA OLED/Windows 11/Lenovo AI Now/Copilot+PC/Office Home 2024/Digital Pen 2/Grey/1.5Kg), 83KT000LIN Convertible Laptop",99990.0,4.1,,Lenovo,24GB,1TB SSD,,Windows 11,,Grey
"Lenovo Smartchoice Ideapad 5 2-in-1 13th Gen Intel Core i5-13420H (16GB RAM/512GB SSD/Windows 11/Office Home 2024/WUXGA IPS/14 (35.5cm)/Touchscreen 2-in-1/3Mon.Game Pass/Grey/1.6kg), 83KX0059IN Laptop",74090.0,4.1,,Lenovo,16GB,512GB SSD,i5,Windows 11,,Grey
"HP Smartchoice OmniBook 5 (Previously Pavilion) 50 TOPS, AMD Ryzen AI 7 350 (16GB LPDDR5X, 512GB SSD) WUXGA 2K, Touch, 16''/40.6cm, Win11,Office24, Silver, 1.8kg, ag1048au, Next-Gen AI Copilot+ Laptop",80990.0,4.0,,HP,,512GB SSD,,Windows 11,16,Silver
"ASUS Vivobook Go 15, 7000 Series, AMD Ryzen 3 7320U, 8 GB RAM, 512GB SSD, FHD, Anti-Glare, 15.6"", 39.6 cm, Windows 11 Home, M365 Basic(1yr)* Office24, Cool Silver, 1.63 kg, E1504FA-BQ2321WS, Laptop",34990.0,4.0,,ASUS,8GB,512GB SSD,Ryzen 3,Windows 11,15.6,Silver
"ASUS Vivobook Go 15 (2025), AMD Ryzen 5 7520U Thin & Light Laptop(AMD Radeon iGPU/16GB RAM/512GB SSD/FHD/15.6""/60Hz/Windows 11/M365 Basic (1Year)*/Office Home 2024/Mixed Black/1.63Kg)E1504FA-NJ1505WS",41990.0,3.6,,ASUS,16GB,512GB SSD,Ryzen 5,Windows 11,15.6,Black
"ASUS TUF F16,14th Gen,Intel Core i7 14650HX,Gaming Laptop(RTX 5070-8GB/115W TGP/32GB/1TB /2.5K QHD+/16""/165Hz/90WHrs/Windows 11/M365 Basic (1Year)*/Office Home 2024/Jaeger Gray/2.2 Kg)FX688JPR-QT043WS",199990.0,4.4,,ASUS,,,i7,Windows 11,16,Gray
"HP 15, 13th Gen Intel Core i5-1335U (16GB DDR4,512GB SSD) FHD, Anti-Glare,Micro-Edge, 15.6''/39.6cm, Win11, M365(1yr)* Office24, Silver,1.59kg, fd0467tu, Iris Xe, FHD Camera w/Shutter, Backlit Laptop",54990.0,3.9,,HP,,512GB SSD,i5,Windows 11,15.6,Silver
"HP 15 255R G10, AMD Ryzen 5 7535U Hexa Core (6 Core, 12 Threads, 2.9 to Max 4.3 Ghz) (8 GB/512 GB SSD/AMD Radeon Graphics/Windows 11) Thin and Light Laptop(15.6 inch HD Display, Matt Silver, 1.45 kg",38990.0,4.5,,HP,,512 GB SSD,Ryzen 5,Windows 11,15.6,Silver
"HP Victus, 13th Gen Intel Core i7-13620H, 8GB RTX 5060, 24GB DDR5(Upgradeable) 1TB SSD, 144Hz, 300nits, IPS, FHD, 15.6""/39.6cm, Win11, M365* Office 24, Mica Silver, 2.29Kg, fa2308TX, RGB Gaming Laptop",119490.0,4.2,,HP,,1TB SSD,i7,Windows 11,15.6,Silver
"Lenovo IdeaPad Slim 3, Intel Core i3 13th Gen 1315U, 8GB RAM, 512GB SSD, FHD 15.6""(39.6cm), Windows 11, Office 2024, Grey, 1.6Kg, 82X700G5IN, Alexa Built-in, 1Yr ADP Free, 3 Month Game Pass Laptop",38490.0,3.8,,Lenovo,8GB,512GB SSD,i3,Windows 11,15.6,Grey
"Acer Aspire Lite, AMD Ryzen 7-7730U, 16 GB RAM, 512 GB SSD, Full HD IPS,15.6""/39.62 cm, Windows 11 Home, MS Office, Steel Gray, 1.59 KG, AL15-41, Thin and Light Laptop",46990.0,4.0,,Acer,16GB,512 GB SSD,Ryzen 7,Windows 11,15.6,Gray
"Dell 15, Intel Core 3, 14th Gen-100U, 8GB DDR4, 512GB SSD, FHD IPS, 15.6""/39.62cm, Win 11, Office H&S 2024, Carbon Black, 1.63Kg, Dell 15, Intel UHD Graphics, 120Hz 250 nit, Thin & Light, Laptop",39990.0,4.0,,Dell,,512GB SSD,,Windows 11,15.6,Black
"HP 14, Intel Core Ultra 7 155H (24GB DDR5, 1TB SSD), Micro-Edge, Anti-Glare, FHD, 14''/35.6cm, Win11, M365* Office24, Silver, 1.4kg, ep1181TU, FHD Camera, Backlit Laptop",83850.0,3.0,,HP,,1TB SSD,,Windows 11,14,Silver
"HP Omen, 14th Gen Intel Core i9-14900HX, 8GB RTX 5060, 24GB DDR5(Upgradeable) 1TB SSD, 165Hz, 2k WUXGA, 3ms, 400 nits, 16''/40.6cm, Win11, M365* Office24, Black, 2.43kg, am0279TX, RGB, Gaming Laptop",164490.0,3.6,,HP,,1TB SSD,i9,Windows 11,16,Black
"Dell 14, AMD Ryzen AI R7-350 Processor, 16GB LPDDR5X RAM, 1TBSSD, FHD Plus 14""/35.56cm, Win 11+Office H&S 2024, Ice Blue, 1.52Kg, 300Nits Display,AMD Radeon Graphics, Backlit+FPS KB, AI Powered Laptop",74490.0,3.7,,Dell,,1TBSSD,,Windows 11,14,Blue
"ASUS Vivobook S14,Smartchoice,AMD Ryzen AI 7 350,16GB RAM,1TB SSD,OLED, 14"",Windows 11, Office24, M365 Basic (1Yr)*,Cool Silver,1.4Kg,M3407KA-SF048WS,50Tops,Metallic Design,Next-Gen AI Laptop,Copilot+",83990.0,3.8,,ASUS,16GB,1TB SSD,,Windows 11,14,Silver
"Primebook 2 Pro 2025 (New Launch) | 8GB RAM, 128GB UFS Storage | 14.1-Inch FHD IPS Display | 14 Hours Battery | MediaTek Helio G99 | Android 15 (PrimeOS 3.0) | Backlit Keyboard | in-Built AI (Aqua)",19990.0,4.4,,Primebook,8GB,,,,,
"Lenovo V15 G4 AMD Athlon Silver 7120U Laptop 8GB LPDDR5 Ram, 512 GB SSD PCIe, Windows 11/MS Office,15.6"" FHD Screen, AMD Radeon 610M, Silver, 1 Year Brand Warranty",32999.0,3.9,,Lenovo,,512 GB SSD,,Windows 11,15.6,Silver
"acer Aspire Lite 12th Gen Intel Core i3-1215U Premium Metal Laptop (Windows 11 Home/16 GB RAM/512GB SSD) AL15-52, 39.62cm (15.6"") Full HD Display, Metal Body, Steel Gray, 1.59 Kg",37990.0,4.0,,acer,16GB,512GB SSD,i3,Windows 11,15.6,Gray
"ASUS ROG Strix G16,Intel Core Ultra 9 275HX Gaming Laptop(RTX 5070 Ti -12GB/140W TGP/32GB/1TB/2.5K QHD+/16""/240Hz/Windows 11/M365 Basic (1Year)*/Office Home 2024/Eclipse Gray/2.65 Kg) G615LR-S5190WS",275990.0,3.8,,ASUS,,,,Windows 11,16,Gray
"HP Victus, 13th Gen Intel Core i5-13420H, RTX 4050-6GB, 16GB DDR4, 512GB SSD, FHD IPS, 15.6""/39.6cm, 144Hz, Win11, Office24, Mica Silver, 2.29kg, fa2701TX, 300nits, Backlit Kb, HD Cam, Gaming Laptop",77526.0,4.0,,HP,,512GB SSD,i5,Windows 11,15.6,Silver
"HP 15 Laptop, AMD Ryzen 7 5825U [16GB DDR4,512GB SSD] [Win11, Office Home'2024/M365 Basic(1yr)*] [Anti-Glare,Micro-Edge,15.6''/39.6cm FHD]Silver,1.59kg [Backlit KB+FHD Camera+Radeon Graphics] fc0533AU",49990.0,3.9,,HP,,512GB SSD,Ryzen 7,Windows 11,15.6,Silver
"ASUS Zenbook 14,Intel Core Ultra 7 (Series 2), Intel Arc iGPU,32GB,1TB,3K OLED Touch Screen,14"",Windows 11,M365 Basic (1Year)*,Office 2024,Ponder Blue,1.28 kg UX3405CA-PZ163WS, Thin & Light Laptop",114990.0,4.1,,ASUS,,,,Windows 11,14,Blue
"HP 15, Intel Core i3-1315U-13th Gen Laptop (8GB DDR4 Ram,512GB SSD) Anti-Glare, Micro-Edge,15.6''/39.6CMs FHD, Win11,M365 Basic(1yr),Office Home24, Silver,1.59kg, FHD fd0569TU",38990.0,3.9,,HP,,512GB SSD,i3,Windows 11,15.6,Silver
"HP Smartchoice Victus, 13th Gen i7-13620H, 6GB RTX 4050, 16GB DDR4(Upgradeable) 512GB SSD, 144Hz, 300nits, FHD, 15.6''/39.6cm, Win11, M365* Office24, Mica Silver, 2.3kg, fa2100/03/04tx, Gaming Laptop",92990.0,4.0,,HP,,512GB SSD,i7,Windows 11,15.6,Silver
"Apple 2025 MacBook Pro Laptop with M5 chip, 10‑core CPU and 10‑core GPU: Built for Apple Intelligence, 35.97 cm (14.2″) Liquid Retina XDR Display, 16GB Unified Memory, 512GB SSD Storage; Space Black",164490.0,4.8,,Apple,,512GB SSD,,,,Black
"Lenovo Legion Pro 5 2025, Intel Core Ultra 7 255HX, RTX 5060-8GB, 32GB RAM, 1TB SSD, WQXGA OLED, 16""/40.6cm, 165Hz, Windows 11, Office 2024+AI Now, Black, 2.4Kg, 83F3007CIN, AI Powered Gaming Laptop",200827.0,3.4,,Lenovo,32GB,1TB SSD,,Windows 11,16,Black
"Lenovo LOQ 2025, AMD Ryzen 7-250, RTX 5050-8GB, 24GB RAM, 1TB SSD, 440 AI Tops, FHD, 15.6""/39.6cm, 144Hz, Windows 11, Office 2024, Grey, 2.4Kg, 3 Mon. Game Pass, 83JG008NIN, AI Gaming Laptop",114927.0,3.4,,Lenovo,24GB,1TB SSD,Ryzen 7,Windows 11,15.6,Grey
"ASUS Vivobook Go 15, AMD Ryzen 5 7520U Thin & Light Laptop(AMD Radeon iGPU/8GB RAM/512GB SSD/FHD/15.6""/60Hz/Windows 11/M365 Basic (1Year)*/Office Home 2024/Cool Silver/1.63 Kg) E1504FA-NJ132WS",37990.0,4.0,,ASUS,8GB,512GB SSD,Ryzen 5,Windows 11,15.6,Silver
"HP Laptop 15, Intel Core i5-1335U-13th Gen, (16GB DDR4,512GB SSD) Anti-Glare, Micro-Edge, FHD, 15.6''/39.6cm, Win11, M365 Basic(1yr)* Office24, Silver, 1.59kg, Iris Xe, FHD Camera w/Shutter",55990.0,4.0,,HP,,512GB SSD,i5,Windows 11,15.6,Silver
"ASUS Vivobook S14, Intel Core Ultra 7 255H, 16GB RAM, 512GB SSD, FHD+ 14"", Windows 11,Office Home 2024 M365 Basic (1Year)*, Cool Silver, 1.4Kg, S3407CA-LY084WS, Intel Arc iGPU, Metallic Design Laptop",80990.0,4.5,,ASUS,16GB,512GB SSD,,Windows 11,14,Silver
"ASUS Vivobook 15, 13th Gen, Intel Core i3-1315U, 16GB RAM, 512GB SSD, FHD, Anti-Glare, 15.6"", 39.6 cm, Windows 11 Home, M365 Basic(1yr)* Office24, Cool Silver, 1.70 kg, X1504VA-BQ341WS, Laptop",40990.0,4.2,,ASUS,16GB,512GB SSD,i3,Windows 11,15.6,Silver
"HP Omen 16 Max, Intel Core Ultra 9 275HX processor,16GB NVIDIA RTX 5080 Gaming AI Laptop (32GB DDR5,1TB SSD) 60-240 Hz,3Ms,IPS,WQXGA,16''/40.6Cm,Win11,M365* Office24,Black,2.68Kg,RGB Backlit, Ah0076Tx",287999.0,3.6,,HP,,1TB SSD,,Windows 11,16,Black
"HP Omen, Intel Core i7-14650HX 14th Gen, 8GB RTX 5050, 24GB DDR5(Upgradeable) 1TB SSD, 165Hz, 2k WUXGA, 3ms, 400 nits, 16''/40.6cm, Win11, M365* Office24, Black, 2.43kg, am0241TX, RGB Gaming Laptop",138990.0,4.3,,HP,,1TB SSD,i7,Windows 11,16,Black
"HP Omen, Intel Core Ultra 9 285H, 8GB RTX 5070, 32GB DDR5, 1TB SSD, 165Hz, 2k WUXGA, 3ms, 400 nits, 16''/40.6cm, Win11, M365* Office24, Black, 2.42kg, an0012TX, Unleashed Mode, RGB, AI Gaming Laptop",177990.0,4.5,,HP,,1TB SSD,,Windows 11,16,Black
"HP Victus, Intel Core 7 240H, 8GB RTX 5050, 24GB DDR5(Upgradeable) 1TB SSD, FHD, 144Hz, 300 nits, IPS, 15.6''/39.6cm, Win11, M365* Office24, Mica Silver, 2.29kg, fa2409TX, RGB Backlit, Gaming Laptop",109015.0,3.0,,HP,,1TB SSD,,Windows 11,15.6,Silver
"Lenovo V15 AMD Ryzen 7 7730U 15.6"" (39.62cm) FHD 250 Nits Antiglare Thin and Light Laptop (Free MS Office) Lifetime (16GB/512GB SSD/Windows 11/Iron Grey/1.65 Kg) 1 Year Brand Warranty, 83CRA01SIN",52999.0,4.1,,Lenovo,,512GB SSD,Ryzen 7,Windows 11,15.6,Grey
"Lenovo IdeaPad Slim 5, AMD Ryzen AI 7 350, 24GB RAM, 1TB SSD, WUXGA OLED 14""(35.5cm), Win11, Office Home'24, Grey, 1.4Kg, 83HX001NIN, Copilot+ PC, Backlit Keyboard, 1Yr ADP Free AI Powered Laptop",90991.0,3.7,,Lenovo,24GB,1TB SSD,,Windows 11,14,Grey
"Lenovo Yoga Slim 7 (Smartchoice) Intel Core Ultra 9 185H 14""(35.5cm) WUXGA-OLED Laptop (32GB RAM/1TB SSD/AI PC/Windows 11/Microsoft 365 Basic + Office Home 2024/1Yr ADP Free/Grey/1.39Kg), 83CV00B3IN",109990.0,4.1,,Lenovo,32GB,1TB SSD,,Windows 11,14,Grey
"Lenovo IdeaPad Slim 3 12th Gen Intel Core i5-12450H 15.6 Inch (39.6cm) FHD Thin & Light Laptop (16GB/512GB SSD/Windows 11/Office Home 2024/3months Game Pass/Arctic Grey/1.62Kg), 83ER00MCIN",50900.0,4.3,,Lenovo,,512GB SSD,i5,Windows 11,15.6,Grey
"ASUS Vivobook Go 14, AMD Ryzen 3 7320U Processor,(8GB RAM/512GB SSD/14 FHD (1920 x 1080)/Windows 11/M365 Basic (1Year)*/Office Home 2024/Silver/1.38 kg), E1404FA-EB2321WS",34990.0,3.5,,ASUS,8GB,512GB SSD,Ryzen 3,Windows 11,,Silver
"HP 15 Laptop, AMD Ryzen 5 7520U (16GB DDR5,512GB SSD) Win11,M365 Basic(1yr)*Office Home24, Anti-Glare,15.6''/39.6cm,FHD,Backlit KB,FHD Camera w/Privacy Shutter,Radeon Graphics, Silver,1.59kg FC0690AU",45990.0,3.9,,HP,,512GB SSD,Ryzen 5,Windows 11,15.6,Silver
"HP Omen, 14th Gen Intel Core i7-14700HX, 8GB RTX 4070 (16GB DDR5, 1TB SSD) 165Hz, 300nits, IPS, FHD, 16.1""/40.9cm, Win11, M365* Office 24, Meteor Silver, 2.31Kg, RGB Backlit, ae0003TX, Gaming Laptop",131490.0,3.4,,HP,,1TB SSD,i7,Windows 11,16.1,Silver
"acer SmartChoice ALG, 13th Gen Intel Core i5-13420H, NVIDIA GeForce RTX 3050-6GB DDR6, 16GB RAM, 512GB SSD, FHD 15.6""/39.62 cm, 144Hz, Windows 11 Home, Steel Gray, 1.99 KG, AL15G-53,Gaming Laptop",62990.0,4.0,,acer,16GB,512GB SSD,i5,Windows 11,15.6,Gray
"acer Nitro Lite 16, 13th Gen, Intel Core i5-13420H Processor,NVIDIA GeForce RTX 3050-6 GB GDDR6, 16GB/ 512 GB, 16.0""/40.64 cm, 165 Hz, Win 11 Home, White, 1.95 kg, NL16-71G, Backlit KB,Gaming Laptop",64400.0,4.2,,acer,,,i5,Windows 11,16.0,White
"HP OmniBook 7 OLED, Intel Core Ultra 7 255H (32GB LPDDR5,1TB SSD), 3K, 0.2 ms, Micro-Edge, 14''/35.6cm, Win 11, M365, Office 24, Meteor Silver,1.5kg, fr0116TU, 5MP Camera w/Shutter, Backlit AI Laptop",118990.0,3.7,,HP,,1TB SSD,,Windows 11,14,Silver
"acer Aspire Lite, 13th Gen, Intel Core i7-13620H Processor, 16GB RAM, 512GB SSD, Full HD IPS,15.6""/39.62 cm, Windows 11 Home,MS Office Pure Silver, 1.70 kg, AL15-52H, Backlit kB,Thin and Light Laptop",58990.0,4.0,,acer,16GB,512GB SSD,i7,Windows 11,15.6,Silver
"acer Aspire 3 Intel Pentium N100 Processor Laptop with 35.56 cm (14"") Full HD IPS Display (16 GB RAM/512 GB SSD/Intel Graphics/Win11 Home/WiFi 6/38Wh) A324-31, Steel Gray, 1.45KG",34990.0,4.2,,acer,16GB,512 GB SSD,,Windows 11,14,Gray
"MSI Katana 15, Intel 14th Gen. i7-14650HX, 40CM QHD 165Hz Gaming Laptop (16GB/512GB NVMe SSD/Windows 11 Home/NVIDIA GeForce RTX 5050, GDDR7 8GB/Black/2.4Kg) B14WEK-266IN",114990.0,4.4,,MSI,,,i7,Windows 11,,Black
"Lenovo ThinkBook 16, AMD Ryzen 5 7535HS, 16GB RAM, 512GB SSD, WUXGA IPS 16"", Windows 11 Home, Office 2024, 1.7kg, 21MWA0BSIN, Backlit Keyboard, Fingerprint, 300 Nits, 1Y Warranty, Aluminium Top Laptop",54777.0,4.0,,Lenovo,16GB,512GB SSD,Ryzen 5,Windows 11,16,
